source_id,nombre,nivel,dominio,categoria,equipamiento,tipo_wod,intensidad,duracion_seg,descanso_seg,escalamiento,notas,como_hacerlo,consejos,errores_comunes,alias,featured,supports_strength_block,counts_as_movement,wod_types,time_domain,pairing_tags,avoid_pairing_with,is_benchmark,rx_carga_sugerida,synonyms,gif_url,how_to_status,media_status
1,Remo en anillas,Principiante,Gymnastic,Pull,Anillas,AMRAP,RPE 7,30,60,Ajustar ángulo del cuerpo,Horizontal pull para desarrollar fuerza de espalda,"Cuerpo recto colgando de las anillas, tira del pecho a las anillas apretando escápulas.",,,,0,0,1,"{""For Time"",""AMRAP"",""EMOM""}",medio,"pull,horizontal",,0,,,https://raw.githubusercontent.com/yuhonas/free-exercise-db/main/exercises/Inverted_Row_with_Straps/0.jpg,present_live_2026_07_22,existing_unverified
2,Flexiones,Principiante,Gymnastic,Push,Ninguno,AMRAP,RPE 7,30,60,Rodillas en el suelo,"Técnica perfecta: core apretado, codos 45°","Cuerpo recto, baja el pecho al suelo con los codos a 45° y empuja.",,,,0,0,1,"{""For Time"",""AMRAP"",""EMOM""}",medio,"push,horizontal",,0,,,https://sbqcnlwpvjavmljzkmfy.supabase.co/storage/v1/object/public/exercise-gifs/crossfit/1273.gif,present_live_2026_07_22,existing_unverified
3,Sentadillas al aire,Principiante,Gymnastic,Squat,Ninguno,AMRAP,RPE 6,30,45,Reducir profundidad,"Peso en talones, rodillas tracking con dedos","Pies a la anchura de hombros, baja la cadera bajo la rodilla y sube extendiendo.",,,,0,0,1,"{""For Time"",""AMRAP"",""EMOM""}",variable,"squat,legs",,0,,,https://raw.githubusercontent.com/yuhonas/free-exercise-db/main/exercises/Bodyweight_Squat/0.jpg,present_live_2026_07_22,existing_unverified
4,Plancha,Principiante,Gymnastic,Core,Ninguno,EMOM,RPE 8,30,90,Knees plank,"Core engagement, neutro espinal","Antebrazos y puntas de pies, cuerpo alineado, aprieta core y glúteo sin hundir la cadera.",,,,0,0,1,"{""For Time"",""AMRAP"",""EMOM""}",medio,core,,0,,,https://sbqcnlwpvjavmljzkmfy.supabase.co/storage/v1/object/public/exercise-gifs/crossfit/2135.gif,present_live_2026_07_22,existing_unverified
5,Saltos de tijera,Principiante,Gymnastic,Cardio,Ninguno,AMRAP,RPE 5,30,30,Marcha en lugar,"Calentamiento, movilidad de hombros","Salta abriendo piernas y subiendo brazos, y vuelve al centro de forma rítmica.",,,,0,0,1,"{""For Time"",""AMRAP"",""EMOM""}",medio,"mono,legs",,0,,,,present_live_2026_07_22,missing
6,Subidas a cajón,Principiante,Gymnastic,Legs,"Box 12-20""",For Time,RPE 6,30,45,Box más baja,"Pie completo en box, empuje con pierna superior","Sube al cajón apoyando todo el pie y extiende la cadera arriba, alternando piernas.",,,,0,0,1,"{""For Time"",""AMRAP"",""EMOM""}",medio,legs,,0,,,https://raw.githubusercontent.com/yuhonas/free-exercise-db/main/exercises/Step-up_with_Knee_Raise/0.jpg,present_live_2026_07_22,existing_unverified
7,Abdominales,Principiante,Gymnastic,Core,AbMat (opcional),AMRAP,RPE 6,30,45,Assisted sit-ups,"Control en bajada, manos al suelo","Con AbMat, baja la espalda y sube tocando los pies con las manos.",,,,0,0,1,"{""For Time"",""AMRAP"",""EMOM""}",medio,core,,0,,,https://sbqcnlwpvjavmljzkmfy.supabase.co/storage/v1/object/public/exercise-gifs/crossfit/0456.gif,present_live_2026_07_22,existing_unverified
8,Burpees (escalado),Principiante,Gymnastic,Full Body,Ninguno,For Time,RPE 7,30,60,Step-back burpees,"Movimiento completo, ritmo constante","Baja al suelo, vuelve arriba y da un pequeño salto; sin exigencia de palmada.",,,,0,0,1,"{""For Time"",""AMRAP"",""EMOM""}",variable,"push,legs",,0,,,https://sbqcnlwpvjavmljzkmfy.supabase.co/storage/v1/object/public/exercise-gifs/crossfit/1160.gif,present_live_2026_07_22,existing_unverified
9,Sentadilla goblet,Principiante,Weightlifting,Squat,Kettlebell/Mancuerna,EMOM,40-50% 1RM,30,90,Peso más ligero,Enseña patrón de sentadilla profunda,Sujeta el peso al pecho y baja a sentadilla profunda con el torso vertical.,,,,0,0,1,"{""Strength"",""For Time"",""EMOM"",""AMRAP""}",medio,"squat,legs",,0,40-50% 1RM,,https://sbqcnlwpvjavmljzkmfy.supabase.co/storage/v1/object/public/exercise-gifs/crossfit/0534.gif,present_live_2026_07_22,existing_unverified
10,Press con mancuernas,Principiante,Weightlifting,Press,Mancuernas,EMOM,50-60% 1RM,30,90,Peso más ligero,Press de hombros bilateral,"De pie, empuja las mancuernas desde los hombros hasta bloqueo sin arquear la lumbar.",,,,0,0,1,"{""Strength"",""For Time"",""EMOM"",""AMRAP""}",medio,"push,vertical,shoulders",,0,50-60% 1RM,,https://sbqcnlwpvjavmljzkmfy.supabase.co/storage/v1/object/public/exercise-gifs/crossfit/1293.gif,present_live_2026_07_22,existing_unverified
11,Balanceo con kettlebell (ruso),Principiante,Weightlifting,Hip Hinge,Kettlebell,AMRAP,RPE 7,30,60,KB más ligera,"Extensión de cadera explosiva, hasta altura de pecho",Bisagra de cadera y proyecta la kettlebell hasta la altura de los ojos con el impulso de cadera.,,,,0,0,1,"{""Strength"",""For Time"",""EMOM"",""AMRAP""}",variable,"hinge,explosivo",,0,,,https://sbqcnlwpvjavmljzkmfy.supabase.co/storage/v1/object/public/exercise-gifs/crossfit/0549.gif,present_live_2026_07_22,existing_unverified
12,Peso muerto rumano,Principiante,Weightlifting,Hip Hinge,Barra/Mancuernas,Strength,50-60% 1RM,30,120,Peso reducido,"Patrón de bisagra, desarrollo de isquios","Bisagra de cadera con piernas casi rectas, baja la barra pegada y sube apretando glúteo.",,,,0,1,1,"{""Strength"",""For Time"",""EMOM"",""AMRAP""}",medio,"hinge,grip",,0,50-60% 1RM,,https://sbqcnlwpvjavmljzkmfy.supabase.co/storage/v1/object/public/exercise-gifs/crossfit/0085.gif,present_live_2026_07_22,existing_unverified
13,Remo con mancuerna,Principiante,Weightlifting,Pull,Mancuernas,EMOM,RPE 7,30,60,Peso ligero,"Unilateral, estabilidad core","Con la espalda neutra, tira de la mancuerna al costado apretando la escápula.",,,,0,0,1,"{""Strength"",""For Time"",""EMOM"",""AMRAP""}",medio,"pull,horizontal",,0,,,https://raw.githubusercontent.com/yuhonas/free-exercise-db/main/exercises/ /0.jpg,present_live_2026_07_22,existing_unverified
14,Sentadillas frontales (ligero),Principiante,Weightlifting,Squat,Barra,Strength,40-50% 1RM,30,120,PVC/barra vacía,"Torso erguido, movilidad de muñecas","Barra en rack frontal con codos altos, sentadilla profunda y controlada.",,,,0,1,1,"{""Strength"",""For Time"",""EMOM"",""AMRAP""}",medio,"squat,legs",,0,40-50% 1RM,,https://sbqcnlwpvjavmljzkmfy.supabase.co/storage/v1/object/public/exercise-gifs/crossfit/0042.gif,present_live_2026_07_22,existing_unverified
15,Lanzamientos a pared (ligero),Principiante,Weightlifting,Full Body,Med Ball 6-10 lbs,AMRAP,RPE 7,30,45,"Peso reducido, target más bajo","Squat completo, lanzamiento coordinado",Sentadilla y lanza el balón al objetivo; recíbelo bajando de nuevo a sentadilla.,,,,0,0,1,"{""Strength"",""For Time"",""EMOM"",""AMRAP""}",variable,"squat,push","squat,push",0,,,,present_live_2026_07_22,missing
16,Press de empuje (ligero),Principiante,Weightlifting,Press,Barra,EMOM,50-60% 1RM,30,90,PVC/barra vacía,"Dip-drive, extensión overhead",Dip corto de piernas y empuja la barra sobre la cabeza aprovechando el impulso.,,,,0,1,1,"{""Strength"",""For Time"",""EMOM"",""AMRAP""}",medio,"push,vertical,explosivo",,0,50-60% 1RM,,https://sbqcnlwpvjavmljzkmfy.supabase.co/storage/v1/object/public/exercise-gifs/crossfit/1700.gif,present_live_2026_07_22,existing_unverified
17,Remo (ritmo lento),Principiante,Monostructural,Cardio,Rower,For Time,RPE 6,300,120,Reducir distancia,"Técnica: piernas-core-brazos, ratio 1:2","Remo suave y técnico, cuida la secuencia y no tires sólo con los brazos.",,,,0,0,1,"{""For Time"",""AMRAP"",""EMOM""}",largo,"mono,pull",,0,,,,present_live_2026_07_22,missing
18,Assault Bike (ritmo moderado),Principiante,Monostructural,Cardio,Assault Bike,EMOM,RPE 6,60,90,Reducir calorías,Brazos y piernas coordinadas,Pedaleo continuo y cómodo coordinando brazos y piernas.,,,,0,0,1,"{""For Time"",""AMRAP"",""EMOM""}",medio,"mono,legs",,0,,,,present_live_2026_07_22,missing
19,Carrera (ritmo suave),Principiante,Monostructural,Cardio,Ninguno,For Time,RPE 5-6,300,120,Caminar,"Mantener conversación, base aeróbica",Trote ligero y conversacional para calentar o base aeróbica.,,,,0,0,1,"{""For Time"",""AMRAP"",""EMOM""}",largo,"mono,legs",,0,,,,present_live_2026_07_22,missing
20,Comba (saltos simples),Principiante,Monostructural,Cardio,Jump Rope,AMRAP,RPE 6,60,45,Step-overs,"Saltos pequeños, muñecas relajadas","Salta pasando la comba una vez por salto, con botes pequeños y muñeca relajada.",,,,0,0,1,"{""For Time"",""AMRAP"",""EMOM""}",variable,"mono,legs",,0,,,https://sbqcnlwpvjavmljzkmfy.supabase.co/storage/v1/object/public/exercise-gifs/crossfit/2612.gif,present_live_2026_07_22,existing_unverified
21,Ski Erg (moderado),Principiante,Monostructural,Cardio,Ski Erg,For Time,RPE 6,300,120,Reducir distancia,"Patrón de pull, core estable",Tirones controlados usando cadera y core a ritmo cómodo.,,,,0,0,1,"{""For Time"",""AMRAP"",""EMOM""}",medio,"mono,pull",,0,,,https://sbqcnlwpvjavmljzkmfy.supabase.co/storage/v1/object/public/exercise-gifs/crossfit/2142.gif,present_live_2026_07_22,existing_unverified
22,Zancadas caminando,Principiante,Gymnastic,Cardio/Legs,Ninguno,For Time,RPE 6,60,45,Stationary lunges,Rodilla trasera casi al suelo,"Da un paso largo y baja la rodilla trasera casi al suelo, alternando piernas.",,,,0,0,1,"{""For Time"",""AMRAP"",""EMOM""}",variable,"legs,squat",,0,,,https://sbqcnlwpvjavmljzkmfy.supabase.co/storage/v1/object/public/exercise-gifs/crossfit/1460.gif,present_live_2026_07_22,existing_unverified
23,Subidas a cajón (cardio),Principiante,Monostructural,Cardio,Box,AMRAP,RPE 6,60,45,Box más baja,"Ritmo constante, alternando piernas",Sube y baja del cajón a ritmo constante alternando piernas.,,,,0,0,1,"{""For Time"",""AMRAP"",""EMOM""}",medio,"mono,legs",,0,,,https://raw.githubusercontent.com/yuhonas/free-exercise-db/main/exercises/Step-up_with_Knee_Raise/0.jpg,present_live_2026_07_22,existing_unverified
24,Aguante en posición hueca,Principiante,Accesorios,Core,Ninguno,EMOM,RPE 8,30,90,Knees bent,Posición gimnástica fundamental,"Lumbar pegada al suelo, brazos y piernas extendidos y despegados, mantén la tensión sin arquear.",,,,0,0,1,"{""EMOM"",""For Time"",""AMRAP""}",medio,core,,0,,,,present_live_2026_07_22,missing
25,Aguante en posición Superman,Principiante,Accesorios,Core,Ninguno,EMOM,RPE 7,30,90,Brazos al lado,Fortalece cadena posterior,"Boca abajo, eleva brazos y piernas a la vez contrayendo glúteo y espalda baja.",,,,0,0,1,"{""EMOM"",""For Time"",""AMRAP""}",medio,core,,0,,,https://raw.githubusercontent.com/yuhonas/free-exercise-db/main/exercises/Superman/0.jpg,present_live_2026_07_22,existing_unverified
26,Puente de glúteos,Principiante,Accesorios,Glutes,Ninguno,EMOM,RPE 6,30,60,Reducir reps,Activación de glúteos,"Tumbado con los pies apoyados, empuja con talones y eleva la cadera apretando glúteo arriba.",,,,0,0,1,"{""EMOM"",""For Time"",""AMRAP""}",medio,hinge,,0,,,https://sbqcnlwpvjavmljzkmfy.supabase.co/storage/v1/object/public/exercise-gifs/crossfit/1409.gif,present_live_2026_07_22,existing_unverified
27,Apertura de hombros con banda,Principiante,Accesorios,Shoulders,Banda,EMOM,RPE 6,30,45,Banda más ligera,"Salud de hombros, retracción escapular","Banda a la altura del pecho, brazos extendidos, sepárala juntando escápulas sin encoger el cuello.",,,,0,0,1,"{""EMOM"",""For Time"",""AMRAP""}",medio,shoulders,,0,,,https://raw.githubusercontent.com/yuhonas/free-exercise-db/main/exercises/Band_Pull_Apart/0.jpg,present_live_2026_07_22,existing_unverified
28,Colgado muerto,Principiante,Accesorios,Grip,Pull-up Bar,EMOM,RPE 7,30,90,Pies en box,Desarrollo de grip y movilidad de hombros,"Cuelga de la barra con agarre firme, hombros activos (no encogidos) y core estable.",,,,0,0,1,"{""EMOM"",""For Time"",""AMRAP""}",medio,grip,,0,,,,present_live_2026_07_22,missing
29,Buenos días con banda,Principiante,Accesorios,Hip Hinge,Banda,EMOM,RPE 6,30,60,Sin banda,Enseña patrón de bisagra,"Banda bajo los pies y en la nuca, bisagra de cadera con espalda neutra y vuelve extendiendo glúteo.",,,,0,0,1,"{""EMOM"",""For Time"",""AMRAP""}",medio,hinge,,0,,,https://sbqcnlwpvjavmljzkmfy.supabase.co/storage/v1/object/public/exercise-gifs/crossfit/0044.gif,present_live_2026_07_22,existing_unverified
30,Dominadas escapulares,Principiante,Accesorios,Pull,Pull-up Bar,EMOM,RPE 7,30,90,Band assisted,Activación de dorsales y escápula,"Colgado con los brazos rectos, baja los hombros y aprieta escápulas sin flexionar los codos.",,,,0,0,1,"{""EMOM"",""For Time"",""AMRAP""}",medio,"pull,grip",,0,,,https://raw.githubusercontent.com/yuhonas/free-exercise-db/main/exercises/Scapular_Pull-Up/0.jpg,present_live_2026_07_22,existing_unverified
31,Dominadas estrictas,Intermedio,Gymnastic,Pull,Pull-up Bar,AMRAP,RPE 8,30,90,Band assisted,"Kipping permitido en WODs, strict para fuerza","Sin balanceo, tira hasta pasar la barbilla la barra y baja a brazos extendidos.",,,,0,0,1,"{""For Time"",""AMRAP"",""EMOM""}",medio,"pull,vertical,grip",,0,,,https://sbqcnlwpvjavmljzkmfy.supabase.co/storage/v1/object/public/exercise-gifs/crossfit/3293.gif,present_live_2026_07_22,existing_unverified
32,Dominadas pecho a barra,Intermedio,Gymnastic,Pull,Pull-up Bar,For Time,RPE 8,30,90,Regular pull-ups,"Pecho toca barra, explosivo","Tira hasta tocar la barra con el pecho, usando kipping coordinado de cadera.",,,,0,0,1,"{""For Time"",""AMRAP"",""EMOM""}",medio,"pull,vertical,grip",,0,,,https://sbqcnlwpvjavmljzkmfy.supabase.co/storage/v1/object/public/exercise-gifs/crossfit/3293.gif,present_live_2026_07_22,existing_unverified
33,Flexiones con despegue de manos,Intermedio,Gymnastic,Push,Ninguno,AMRAP,RPE 7,30,60,Regular push-ups,"Pecho al suelo, manos despegan",Flexión tocando el suelo con el pecho y despegando las manos antes de empujar.,,,,0,0,1,"{""For Time"",""AMRAP"",""EMOM""}",medio,"push,horizontal,explosivo",,0,,,https://sbqcnlwpvjavmljzkmfy.supabase.co/storage/v1/object/public/exercise-gifs/crossfit/1273.gif,present_live_2026_07_22,existing_unverified
34,"Saltos a cajón (24""/20"")",Intermedio,Gymnastic,Legs,"Box 24-20""",For Time,RPE 7,30,60,Box más baja,Extensión completa de cadera arriba,"Salta con ambos pies al cajón, cae en cuclillas y extiende la cadera arriba.",,,,0,0,1,"{""For Time"",""AMRAP"",""EMOM""}",variable,"legs,explosivo",,0,,,https://sbqcnlwpvjavmljzkmfy.supabase.co/storage/v1/object/public/exercise-gifs/crossfit/1374.gif,present_live_2026_07_22,existing_unverified
35,Burpees (RX),Intermedio,Gymnastic,Full Body,Ninguno,For Time,RPE 8,30,45,Step-back,"Pecho al suelo, salto con clap arriba","Pecho y muslos al suelo, sube y da un salto con palmada arriba en cada repetición.",,,,0,0,1,"{""For Time"",""AMRAP"",""EMOM""}",variable,"push,legs",,0,,,https://sbqcnlwpvjavmljzkmfy.supabase.co/storage/v1/object/public/exercise-gifs/crossfit/1160.gif,present_live_2026_07_22,existing_unverified
36,Pies a barra,Intermedio,Gymnastic,Core,Pull-up Bar,AMRAP,RPE 8,30,90,Knees-to-elbows,"Kipping hollow-arch, dedos tocan barra","Colgado, balancea y lleva las puntas de los pies a la barra con el core.",,,,0,0,1,"{""For Time"",""AMRAP"",""EMOM""}",medio,"core,grip","grip,core",0,,,https://raw.githubusercontent.com/yuhonas/free-exercise-db/main/exercises/Hanging_Pike/0.jpg,present_live_2026_07_22,existing_unverified
37,Fondos (anillas/paralelas),Intermedio,Gymnastic,Push,Rings/Paralelas,EMOM,RPE 8,30,90,Band assisted,"Shoulders abajo de codos, lockout completo","En apoyo, baja hasta que el hombro pase el codo y empuja a bloqueo.",,,,0,0,1,"{""For Time"",""AMRAP"",""EMOM""}",medio,push,,0,,,https://sbqcnlwpvjavmljzkmfy.supabase.co/storage/v1/object/public/exercise-gifs/crossfit/0677.gif,present_live_2026_07_22,existing_unverified
38,Sentadilla a una pierna (Pistol),Intermedio,Gymnastic,Legs,Ninguno,EMOM,RPE 8,30,90,Box pistols,"Unilateral, balance y fuerza","A una pierna, baja controlando con la otra extendida al frente y sube sin apoyo.",,,,0,0,1,"{""For Time"",""AMRAP"",""EMOM""}",medio,"squat,legs",,0,,,https://sbqcnlwpvjavmljzkmfy.supabase.co/storage/v1/object/public/exercise-gifs/crossfit/0544.gif,present_live_2026_07_22,existing_unverified
39,Abdominales en V,Intermedio,Gymnastic,Core,Ninguno,AMRAP,RPE 7,30,45,Sit-ups,Manos y pies se juntan arriba,"Tumbado, sube tronco y piernas rectas a la vez tocando manos con pies formando una V.",,,,0,0,1,"{""For Time"",""AMRAP"",""EMOM""}",medio,core,,0,,,https://sbqcnlwpvjavmljzkmfy.supabase.co/storage/v1/object/public/exercise-gifs/crossfit/0456.gif,present_live_2026_07_22,existing_unverified
40,Aguante en pino (pared),Intermedio,Gymnastic,Press,Pared,EMOM,RPE 8,30,120,Pike position,Desarrollo de fuerza overhead y balance,"Sube a pino apoyando los talones en la pared, cuerpo alineado y hombros activos.",,,,0,0,1,"{""For Time"",""AMRAP"",""EMOM""}",medio,"push,vertical,shoulders",,0,,,https://sbqcnlwpvjavmljzkmfy.supabase.co/storage/v1/object/public/exercise-gifs/crossfit/3302.gif,present_live_2026_07_22,existing_unverified
41,Rodillas a codos,Intermedio,Gymnastic,Core,Pull-up Bar,AMRAP,RPE 7,30,60,Hanging knee raises,Progresión a toes-to-bar,"Colgado, lleva las rodillas hacia los codos con control y baja sin balancearte.",,,,0,0,1,"{""For Time"",""AMRAP"",""EMOM""}",medio,"core,grip",,0,,,https://raw.githubusercontent.com/yuhonas/free-exercise-db/main/exercises/Hanging_Leg_Raise/0.jpg,present_live_2026_07_22,existing_unverified
42,Burpee salto sobre cajón,Intermedio,Gymnastic,Full Body,Box,For Time,RPE 8,30,60,Step-overs,"Saltar sobre box, no subir",Burpee y salto por encima del cajón cayendo al otro lado en cada repetición.,,,,0,0,1,"{""For Time"",""AMRAP"",""EMOM""}",variable,"push,legs,explosivo",,0,,,https://sbqcnlwpvjavmljzkmfy.supabase.co/storage/v1/object/public/exercise-gifs/crossfit/1374.gif,present_live_2026_07_22,existing_unverified
43,Thrusters (43/30 kg),Intermedio,Weightlifting,Full Body,Barra,For Time,60-70% 1RM,30,90,Peso reducido,Front squat + push press en un movimiento,"Front squat y, sin pausa, empuja la barra sobre la cabeza en un solo movimiento.",,,,0,0,1,"{""Strength"",""For Time"",""EMOM"",""AMRAP""}",variable,"squat,push","squat,push",0,43/30 kg,,https://sbqcnlwpvjavmljzkmfy.supabase.co/storage/v1/object/public/exercise-gifs/crossfit/0550.gif,present_live_2026_07_22,existing_unverified
44,Power Clean,Intermedio,Weightlifting,Olympic,Barra,EMOM,65-75% 1RM,30,120,Hang power clean,"Recepción en partial squat, explosivo",Tira de la barra y recíbela al hombro por encima de media sentadilla con codos rápidos.,,,,0,1,1,"{""Strength"",""For Time"",""EMOM"",""AMRAP""}",sprint,"hinge,pull,explosivo",,0,65-75% 1RM,,https://sbqcnlwpvjavmljzkmfy.supabase.co/storage/v1/object/public/exercise-gifs/crossfit/0648.gif,present_live_2026_07_22,existing_unverified
45,Power Snatch desde colgado,Intermedio,Weightlifting,Olympic,Barra,EMOM,60-70% 1RM,30,120,PVC,"Desde encima de rodillas, ancho de agarre snatch","Desde colgado, arranque de potencia a brazos extendidos sin llegar a sentadilla.",,,,0,1,1,"{""Strength"",""For Time"",""EMOM"",""AMRAP""}",sprint,"hinge,pull,explosivo",,0,60-70% 1RM,,https://raw.githubusercontent.com/yuhonas/free-exercise-db/main/exercises/Hang_Snatch/0.jpg,present_live_2026_07_22,existing_unverified
46,Peso muerto (102/70 kg),Intermedio,Weightlifting,Pull,Barra,Strength,70-80% 1RM,30,180,Peso reducido,"Setup perfecto, neutral spine","Espalda neutra, empuja el suelo y extiende cadera y rodillas con la barra pegada.",,,,0,1,1,"{""Strength"",""For Time"",""EMOM"",""AMRAP""}",sprint,"hinge,pull","hinge,pull",0,102/70 kg,,https://sbqcnlwpvjavmljzkmfy.supabase.co/storage/v1/object/public/exercise-gifs/crossfit/0032.gif,present_live_2026_07_22,existing_unverified
47,Sentadilla sobre cabeza,Intermedio,Weightlifting,Squat,Barra,Strength,50-60% 1RM,30,120,PVC,"Movilidad extrema, balance overhead","Barra bloqueada arriba en agarre ancho, baja a sentadilla profunda manteniendo el torso vertical.",,,,0,1,1,"{""Strength"",""For Time"",""EMOM"",""AMRAP""}",medio,"squat,shoulders",,0,50-60% 1RM,,https://sbqcnlwpvjavmljzkmfy.supabase.co/storage/v1/object/public/exercise-gifs/crossfit/0069.gif,present_live_2026_07_22,existing_unverified
48,Peso muerto sumo + jalón alto (34/25 kg),Intermedio,Weightlifting,Pull,Barra,AMRAP,50-60% 1RM,30,60,Peso reducido,"Stance ancho, codos altos y afuera",Peso muerto sumo y tira alto llevando los codos por encima hasta la clavícula.,,,,0,0,1,"{""Strength"",""For Time"",""EMOM"",""AMRAP""}",medio,"hinge,pull","hinge,pull",0,34/25 kg,,https://raw.githubusercontent.com/yuhonas/free-exercise-db/main/exercises/ /0.jpg,present_live_2026_07_22,existing_unverified
49,Lanzamientos a pared (9/6 kg),Intermedio,Weightlifting,Full Body,Med Ball,AMRAP,RPE 8,30,45,Peso ligero,"10ft target, squat profundo","Sentadilla profunda y lanza el balón al objetivo alto, recíbelo y encadena.",,,,0,0,1,"{""Strength"",""For Time"",""EMOM"",""AMRAP""}",variable,"squat,push","squat,push",0,9/6 kg,,,present_live_2026_07_22,missing
50,"Balanceo con kettlebell (americano, 24/16 kg)",Intermedio,Weightlifting,Hip Hinge,Kettlebell,AMRAP,RPE 7,30,60,Russian swings,"Overhead completo, explosivo",Bisagra de cadera y proyecta la kettlebell hasta encima de la cabeza con el impulso de cadera.,,,,0,0,1,"{""Strength"",""For Time"",""EMOM"",""AMRAP""}",variable,"hinge,explosivo",hinge,0,24/16 kg,,https://sbqcnlwpvjavmljzkmfy.supabase.co/storage/v1/object/public/exercise-gifs/crossfit/0549.gif,present_live_2026_07_22,existing_unverified
51,Snatch con mancuerna,Intermedio,Weightlifting,Olympic,Mancuerna,For Time,RPE 7,30,60,Peso ligero,"Unilateral, desde suelo a overhead","De un tirón lleva la mancuerna del suelo a brazo extendido sobre la cabeza, alternando mano.",,,,0,0,1,"{""Strength"",""For Time"",""EMOM"",""AMRAP""}",medio,"hinge,pull,explosivo",,0,,,https://raw.githubusercontent.com/yuhonas/free-exercise-db/main/exercises/ /0.jpg,present_live_2026_07_22,existing_unverified
52,Clean & Jerk,Intermedio,Weightlifting,Olympic,Barra,EMOM,65-75% 1RM,30,150,Power clean + push press,Movimiento completo olímpico,Cargada al hombro y jerk sobre la cabeza; extensión de cadera y recepción firme.,,,,0,1,1,"{""Strength"",""For Time"",""EMOM"",""AMRAP""}",sprint,"hinge,push,explosivo",,0,65-75% 1RM,,https://raw.githubusercontent.com/yuhonas/free-exercise-db/main/exercises/Clean_and_Jerk/0.jpg,present_live_2026_07_22,existing_unverified
53,Sentadillas frontales (61/43 kg),Intermedio,Weightlifting,Squat,Barra,Strength,65-75% 1RM,30,120,Peso reducido,"Torso vertical, codos altos","Barra en rack frontal, codos altos, baja a sentadilla profunda y sube con el torso erguido.",,,,0,1,1,"{""Strength"",""For Time"",""EMOM"",""AMRAP""}",sprint,"squat,legs",,0,61/43 kg,,https://sbqcnlwpvjavmljzkmfy.supabase.co/storage/v1/object/public/exercise-gifs/crossfit/0042.gif,present_live_2026_07_22,existing_unverified
54,Push Jerk,Intermedio,Weightlifting,Press,Barra,EMOM,70-80% 1RM,30,120,Push press,"Dip-drive-press, pies en paralelo, lockout overhead",Dip de piernas y empuje explosivo metiéndote bajo la barra con los pies fijos.,,,,0,1,1,"{""Strength"",""For Time"",""EMOM"",""AMRAP""}",sprint,"push,vertical,explosivo","push,vertical",0,70-80% 1RM,,https://raw.githubusercontent.com/yuhonas/free-exercise-db/main/exercises/Power_Jerk/0.jpg,present_live_2026_07_22,existing_unverified
55,Sentadillas traseras (84/61 kg),Intermedio,Weightlifting,Squat,Barra,Strength,70-80% 1RM,30,150,Peso reducido,"Profundidad completa, barra alta o baja","Barra en la espalda alta, baja la cadera bajo la rodilla y sube extendiendo cadera y rodillas.",,,,0,1,1,"{""Strength"",""For Time"",""EMOM"",""AMRAP""}",sprint,"squat,legs",,0,84/61 kg,,https://raw.githubusercontent.com/yuhonas/free-exercise-db/main/exercises/ /0.jpg,present_live_2026_07_22,existing_unverified
56,Clean en sentadilla desde colgado,Intermedio,Weightlifting,Olympic,Barra,EMOM,65-75% 1RM,30,120,Hang power clean,"Desde rodillas, recepción en squat profundo","Desde colgado sobre la rodilla, recibe la barra en sentadilla al hombro.",,,,0,1,1,"{""Strength"",""For Time"",""EMOM"",""AMRAP""}",sprint,"hinge,squat,explosivo",,0,65-75% 1RM,,https://sbqcnlwpvjavmljzkmfy.supabase.co/storage/v1/object/public/exercise-gifs/crossfit/0648.gif,present_live_2026_07_22,existing_unverified
57,"Remo (ritmo moderado, 500m)",Intermedio,Monostructural,Cardio,Rower,For Time,RPE 7-8,120,90,Distancia reducida,"Split <2:00/500m, técnica consistente","Ritmo moderado, secuencia piernas-cadera-brazos y respiración constante.",,,,0,0,1,"{""For Time"",""AMRAP"",""EMOM""}",medio,"mono,pull",,0,,,,present_live_2026_07_22,missing
58,Assault Bike (20/15 cal),Intermedio,Monostructural,Cardio,Assault Bike,For Time,RPE 8,60,90,Calorías reducidas,"All-out effort, brazos y piernas",Sprint corto coordinando brazos y piernas hasta las calorías objetivo.,,,,0,0,1,"{""For Time"",""AMRAP"",""EMOM""}",medio,"mono,legs",,0,,,,present_live_2026_07_22,missing
59,Carrera (400m-800m),Intermedio,Monostructural,Cardio,Ninguno,For Time,RPE 7-8,180,120,Distancia reducida,Pace de 7-9 min/mi,"Ritmo fuerte y sostenido, con zancada eficiente y brazos relajados.",,,,0,0,1,"{""For Time"",""AMRAP"",""EMOM""}",medio,"mono,legs",,0,,,,present_live_2026_07_22,missing
60,Doble salto a la comba,Intermedio,Monostructural,Cardio,Jump Rope,AMRAP,RPE 7,60,45,Singles,Cuerda pasa 2 veces bajo pies por salto,"Salta y pasa la comba dos veces por salto con giro de muñeca, cuerpo firme.",,,,0,0,1,"{""For Time"",""AMRAP"",""EMOM""}",variable,"mono,legs",,0,,,https://sbqcnlwpvjavmljzkmfy.supabase.co/storage/v1/object/public/exercise-gifs/crossfit/2612.gif,present_live_2026_07_22,existing_unverified
61,Ski Erg (500m),Intermedio,Monostructural,Cardio,Ski Erg,For Time,RPE 7-8,120,90,Distancia reducida,"Pull explosivo, core engagement",Tira de las asas hacia abajo con cadera y core a ritmo moderado.,,,,0,0,1,"{""For Time"",""AMRAP"",""EMOM""}",medio,"mono,pull",,0,,,https://sbqcnlwpvjavmljzkmfy.supabase.co/storage/v1/object/public/exercise-gifs/crossfit/2142.gif,present_live_2026_07_22,existing_unverified
62,Burpee + salto largo,Intermedio,Gymnastic,Cardio,Ninguno,For Time,RPE 8,30,60,Regular burpees,Salto horizontal después de burpee,"Tras el burpee, salto horizontal largo cayendo con las dos piernas.",,,,0,0,1,"{""For Time"",""AMRAP"",""EMOM""}",variable,"push,legs,explosivo",,0,,,https://sbqcnlwpvjavmljzkmfy.supabase.co/storage/v1/object/public/exercise-gifs/crossfit/1160.gif,present_live_2026_07_22,existing_unverified
63,"Subidas a cajón (rápidas, 24/20"")",Intermedio,Monostructural,Cardio,Box,AMRAP,RPE 7,45,45,Box más baja,"Ritmo rápido, volumen alto",Sube y baja del cajón a ritmo alto alternando piernas de forma continua.,,,,0,0,1,"{""For Time"",""AMRAP"",""EMOM""}",medio,"mono,legs",,0,,,https://raw.githubusercontent.com/yuhonas/free-exercise-db/main/exercises/Step-up_with_Knee_Raise/0.jpg,present_live_2026_07_22,existing_unverified
64,Carreras de ida y vuelta (25 pies),Intermedio,Monostructural,Cardio,Ninguno,For Time,RPE 7,30,45,Sprints cortos,Cambio de dirección explosivo,Sprints cortos de ida y vuelta tocando la línea al cambiar de sentido.,,,,0,0,1,"{""For Time"",""AMRAP"",""EMOM""}",medio,"mono,legs",,0,,,,present_live_2026_07_22,missing
65,Abdominales en GHD,Intermedio,Accesorios,Core,GHD,AMRAP,RPE 7,30,60,AbMat sit-ups,"Full range, control en bajada","Cadera al borde del GHD, baja el tronco atrás con control y sube tocando el suelo tras la cabeza sólo hasta donde domines.",,,,0,0,1,"{""EMOM"",""For Time"",""AMRAP""}",medio,core,,0,,,https://sbqcnlwpvjavmljzkmfy.supabase.co/storage/v1/object/public/exercise-gifs/crossfit/0456.gif,present_live_2026_07_22,existing_unverified
66,Balanceos en posición hueca,Intermedio,Accesorios,Core,Ninguno,AMRAP,RPE 7,45,60,Hollow hold,Rock manteniendo hollow position,"Lumbar pegada al suelo, balancéate como una mecedora manteniendo hombros y piernas despegados.",,,,0,0,1,"{""EMOM"",""For Time"",""AMRAP""}",medio,core,,0,,,,present_live_2026_07_22,missing
67,Extensiones de cadera (GHD),Intermedio,Accesorios,Posterior,GHD,EMOM,RPE 7,30,90,Superman,"Isquios y glúteos, control","Cadera sobre el GHD, baja el tronco flexionando cadera y sube extendiendo glúteo sin hiperextender la lumbar.",,,,0,0,1,"{""EMOM"",""For Time"",""AMRAP""}",medio,hinge,,0,,,https://sbqcnlwpvjavmljzkmfy.supabase.co/storage/v1/object/public/exercise-gifs/crossfit/0130.gif,present_live_2026_07_22,existing_unverified
68,Aguante en soporte de anillas,Intermedio,Accesorios,Push,Rings,EMOM,RPE 8,30,120,Paralelas,"Anillas estables, lockout completo","Sobre anillas en bloqueo de codos, hombros abajo y core firme, mantén las anillas pegadas al cuerpo.",,,,0,0,1,"{""EMOM"",""For Time"",""AMRAP""}",medio,"push,shoulders",,0,,,https://sbqcnlwpvjavmljzkmfy.supabase.co/storage/v1/object/public/exercise-gifs/crossfit/0677.gif,present_live_2026_07_22,existing_unverified
69,Marcha del granjero (pesado),Intermedio,Accesorios,Grip,KB/DBs,For Time,RPE 8,60,90,Peso reducido,"Postura erguida, grip challenge","Agarra el peso a los lados, pecho alto y core firme, camina a pasos cortos sin encoger los hombros.",,,,0,0,1,"{""EMOM"",""For Time"",""AMRAP""}",medio,"grip,core",grip,0,,,https://sbqcnlwpvjavmljzkmfy.supabase.co/storage/v1/object/public/exercise-gifs/crossfit/2133.gif,present_live_2026_07_22,existing_unverified
70,Turkish Get-Up,Intermedio,Accesorios,Full Body,KB/DB,EMOM,RPE 7,60,120,Peso ligero,"Movimiento complejo, coordinación","Desde tumbado con el peso arriba, levántate paso a paso hasta ponerte de pie sin perder el brazo vertical.",,,,0,0,1,"{""EMOM"",""For Time"",""AMRAP""}",medio,"shoulders,core",,0,,,https://sbqcnlwpvjavmljzkmfy.supabase.co/storage/v1/object/public/exercise-gifs/crossfit/0551.gif,present_live_2026_07_22,existing_unverified
71,Muscle-Ups en barra,Avanzado,Gymnastic,Pull/Push,Pull-up Bar,For Time,RPE 9,30,120,C2B + dips,"Transición explosiva, kipping eficiente","Kipping potente con el pecho a la barra, gira las muñecas sobre la barra y empuja a brazos extendidos.",,,,0,0,1,"{""For Time"",""AMRAP"",""EMOM""}",sprint,"pull,push,grip",grip,0,,,https://sbqcnlwpvjavmljzkmfy.supabase.co/storage/v1/object/public/exercise-gifs/crossfit/0631.gif,present_live_2026_07_22,existing_unverified
72,Muscle-Ups en anillas,Avanzado,Gymnastic,Pull/Push,Rings,For Time,RPE 9,30,120,Bar muscle-ups,"Técnica de anillas, false grip","Desde las anillas, tira explosivo hasta la transición y empuja a bloqueo de codos por encima de las anillas.",,,,0,0,1,"{""For Time"",""AMRAP"",""EMOM""}",sprint,"pull,push,grip",grip,0,,,https://sbqcnlwpvjavmljzkmfy.supabase.co/storage/v1/object/public/exercise-gifs/crossfit/0631.gif,present_live_2026_07_22,existing_unverified
73,Flexiones en pino (HSPU),Avanzado,Gymnastic,Press,Pared,AMRAP,RPE 8,30,90,HSPU con abmat,"Cabeza al suelo, lockout completo","En pino contra la pared, baja la cabeza al suelo con codos controlados y empuja hasta bloquear.",,,,0,0,1,"{""For Time"",""AMRAP"",""EMOM""}",sprint,"push,vertical","push,vertical",0,,,https://sbqcnlwpvjavmljzkmfy.supabase.co/storage/v1/object/public/exercise-gifs/crossfit/3302.gif,present_live_2026_07_22,existing_unverified
74,Caminar en pino,Avanzado,Gymnastic,Balance,Ninguno,For Distance,RPE 8,60,120,Wall walks,"Balance, control de hombros","En pino sobre tu equilibrio, desplázate con pequeños pasos de manos manteniendo el core apretado.",,,,0,0,1,"{""For Time"",""AMRAP"",""EMOM""}",sprint,"push,shoulders,core",,0,,,https://sbqcnlwpvjavmljzkmfy.supabase.co/storage/v1/object/public/exercise-gifs/crossfit/3302.gif,present_live_2026_07_22,existing_unverified
75,Escalada de cuerda (15 pies),Avanzado,Gymnastic,Pull,Rope,For Time,RPE 8,30,90,"Legless, short rope",Técnica J-hook o S-wrap,"Sujeta la cuerda con los pies (J-hook), estira piernas y brazos alternando hasta arriba y baja controlando.",,,,0,0,1,"{""For Time"",""AMRAP"",""EMOM""}",sprint,"pull,grip",grip,0,,,https://sbqcnlwpvjavmljzkmfy.supabase.co/storage/v1/object/public/exercise-gifs/crossfit/0680.gif,present_live_2026_07_22,existing_unverified
76,"HSPU en déficit (4"")",Avanzado,Gymnastic,Press,Paraletas/Abmat,EMOM,RPE 9,30,120,Regular HSPU,Mayor rango de movimiento,HSPU con las manos elevadas sobre discos; baja la cabeza por debajo del nivel de las manos.,,,,0,0,1,"{""For Time"",""AMRAP"",""EMOM""}",sprint,"push,vertical","push,vertical",0,,,https://sbqcnlwpvjavmljzkmfy.supabase.co/storage/v1/object/public/exercise-gifs/crossfit/3302.gif,present_live_2026_07_22,existing_unverified
77,Muscle-Ups estrictos,Avanzado,Gymnastic,Pull/Push,Rings,EMOM,RPE 9,30,150,Strict pull-up + dip,"Sin kip, fuerza pura","Sin kipping: dominada explosiva profunda, transición y fondo hasta bloqueo, todo con fuerza pura.",,,,0,0,1,"{""For Time"",""AMRAP"",""EMOM""}",sprint,"pull,push,grip",grip,0,,,https://sbqcnlwpvjavmljzkmfy.supabase.co/storage/v1/object/public/exercise-gifs/crossfit/0631.gif,present_live_2026_07_22,existing_unverified
78,Sentadilla a una pierna con peso (Pistol),Avanzado,Gymnastic,Legs,KB/DB,EMOM,RPE 8,30,90,BW pistols,"Carga externa, balance","A una pierna sujetando peso, baja controlando con la otra extendida al frente y sube sin apoyarte.",,,,0,0,1,"{""For Time"",""AMRAP"",""EMOM""}",medio,"squat,legs",,0,,,https://sbqcnlwpvjavmljzkmfy.supabase.co/storage/v1/object/public/exercise-gifs/crossfit/0544.gif,present_live_2026_07_22,existing_unverified
79,L-Sit (anillas/paralelas),Avanzado,Gymnastic,Core,Rings/Paralelas,EMOM,RPE 9,20,120,Tuck hold,Piernas paralelas al suelo,"En paralelas o anillas, bloquea codos, eleva piernas rectas al frente formando una L y mantén.",,,,0,0,1,"{""For Time"",""AMRAP"",""EMOM""}",medio,core,,0,,,https://sbqcnlwpvjavmljzkmfy.supabase.co/storage/v1/object/public/exercise-gifs/crossfit/3419.gif,present_live_2026_07_22,existing_unverified
80,Burpee + Muscle-Up en barra,Avanzado,Gymnastic,Full Body,Pull-up Bar,For Time,RPE 9,30,90,Burpee + C2B,Combinación ultra-demandante,"Haz un burpee, salta a la barra y encadena un muscle-up de barra en cada repetición.",,,,0,0,1,"{""For Time"",""AMRAP"",""EMOM""}",sprint,"pull,push,grip",grip,0,,,https://sbqcnlwpvjavmljzkmfy.supabase.co/storage/v1/object/public/exercise-gifs/crossfit/1160.gif,present_live_2026_07_22,existing_unverified
81,Snatch completo (61/43 kg),Avanzado,Weightlifting,Olympic,Barra,EMOM,75-85% 1RM,30,150,Hang snatch,"Desde suelo, recepción profunda en squat","De un tirón, lleva la barra del suelo a brazos extendidos recibiéndola en sentadilla.",,,,0,1,1,"{""Strength"",""For Time"",""EMOM"",""AMRAP""}",sprint,"hinge,pull,explosivo",,0,61/43 kg,,https://raw.githubusercontent.com/yuhonas/free-exercise-db/main/exercises/Snatch/0.jpg,present_live_2026_07_22,existing_unverified
82,Snatch en sentadilla (pesado),Avanzado,Weightlifting,Olympic,Barra,Strength,80-90% 1RM,30,180,Power snatch,"Full depth reception, movilidad total",Arranque completo recibiendo en sentadilla profunda; extensión y meterse debajo rápido.,,,,0,1,1,"{""Strength"",""For Time"",""EMOM"",""AMRAP""}",sprint,"hinge,squat,explosivo",,0,80-90% 1RM,,https://raw.githubusercontent.com/yuhonas/free-exercise-db/main/exercises/Snatch/0.jpg,present_live_2026_07_22,existing_unverified
83,"Clean en sentadilla (pesado, 84/61 kg)",Avanzado,Weightlifting,Olympic,Barra,For Time,75-85% 1RM,30,120,Power clean,"Catch deep, stand up aggressively","Tira de la barra, recíbela en sentadilla profunda al hombro y levántate.",,,,0,1,1,"{""Strength"",""For Time"",""EMOM"",""AMRAP""}",sprint,"hinge,squat,explosivo",,0,84/61 kg,,https://sbqcnlwpvjavmljzkmfy.supabase.co/storage/v1/object/public/exercise-gifs/crossfit/0648.gif,present_live_2026_07_22,existing_unverified
84,"Thrusters (pesado, 61/43 kg)",Avanzado,Weightlifting,Full Body,Barra,For Time,75-85% 1RM,30,90,Peso moderado,Sin pausa entre squat y press,"Front squat y, sin pausa, empuja la barra sobre la cabeza aprovechando el impulso de piernas.",,,,0,1,1,"{""Strength"",""For Time"",""EMOM"",""AMRAP""}",sprint,"squat,push","squat,push",0,61/43 kg,,https://sbqcnlwpvjavmljzkmfy.supabase.co/storage/v1/object/public/exercise-gifs/crossfit/0550.gif,present_live_2026_07_22,existing_unverified
85,Sentadilla sobre cabeza (pesado),Avanzado,Weightlifting,Squat,Barra,Strength,70-80% 1RM,30,150,Peso moderado,"Movilidad extrema, fuerza overhead","Con la barra bloqueada arriba en agarre ancho, baja a sentadilla profunda manteniéndola sobre la cabeza.",,,,0,1,1,"{""Strength"",""For Time"",""EMOM"",""AMRAP""}",sprint,"squat,shoulders","squat,shoulders",0,70-80% 1RM,,https://sbqcnlwpvjavmljzkmfy.supabase.co/storage/v1/object/public/exercise-gifs/crossfit/0069.gif,present_live_2026_07_22,existing_unverified
86,"Clean & Jerk (pesado, 84/61 kg)",Avanzado,Weightlifting,Olympic,Barra,EMOM,80-90% 1RM,30,180,Power clean + push press,Movimiento completo competitivo,Cargada al hombro en un tiempo y jerk sobre la cabeza; espalda firme y extensión potente de cadera.,,,,0,1,1,"{""Strength"",""For Time"",""EMOM"",""AMRAP""}",sprint,"hinge,push,explosivo",,0,84/61 kg,,https://raw.githubusercontent.com/yuhonas/free-exercise-db/main/exercises/Clean_and_Jerk/0.jpg,present_live_2026_07_22,existing_unverified
87,"Devil Press (pesado, mancuernas 22,5/15 kg)",Avanzado,Weightlifting,Full Body,Mancuernas,For Time,RPE 9,30,60,Peso reducido,Burpee + dual DB snatch overhead,"Con mancuernas, burpee al suelo y llévalas de un envión por encima de la cabeza.",,,,0,0,1,"{""Strength"",""For Time"",""EMOM"",""AMRAP""}",variable,"hinge,push,explosivo",,0,"22,5/15 kg",,,present_live_2026_07_22,missing
88,Cluster (61/43 kg),Avanzado,Weightlifting,Full Body,Barra,For Time,70-80% 1RM,30,90,Thruster,Squat clean + thruster en un movimiento,Squat clean y thruster encadenados: recibe en sentadilla y empuja sobre la cabeza en un flujo.,,,,0,1,1,"{""Strength"",""For Time"",""EMOM"",""AMRAP""}",sprint,"hinge,squat,push","squat,push",0,61/43 kg,,https://sbqcnlwpvjavmljzkmfy.supabase.co/storage/v1/object/public/exercise-gifs/crossfit/0550.gif,present_live_2026_07_22,existing_unverified
89,Zancadas caminando con peso sobre cabeza (pesado),Avanzado,Weightlifting,Legs,Barra/Plato,For Distance,RPE 8,60,90,Peso reducido,"Overhead stability, unilateral strength","Con el peso bloqueado arriba, zancadas caminando manteniendo el brazo vertical y estable.",,,,0,0,1,"{""Strength"",""For Time"",""EMOM"",""AMRAP""}",medio,"legs,shoulders",,0,,,,present_live_2026_07_22,missing
90,"Peso muerto (pesado, 143/102 kg)",Avanzado,Weightlifting,Pull,Barra,Strength,85-95% 1RM,30,240,Peso moderado,"Max effort, técnica perfecta","Espalda neutra, empuja el suelo y extiende cadera y rodillas juntas con la barra pegada.",,,,0,1,1,"{""Strength"",""For Time"",""EMOM"",""AMRAP""}",sprint,"hinge,pull","hinge,pull",0,143/102 kg,,https://sbqcnlwpvjavmljzkmfy.supabase.co/storage/v1/object/public/exercise-gifs/crossfit/0032.gif,present_live_2026_07_22,existing_unverified
91,Snatch en sentadilla desde colgado,Avanzado,Weightlifting,Olympic,Barra,EMOM,70-80% 1RM,30,120,Hang power snatch,"Desde rodillas, catch profundo","Desde por encima de la rodilla, arranque a sentadilla en un solo tiempo.",,,,0,1,1,"{""Strength"",""For Time"",""EMOM"",""AMRAP""}",sprint,"hinge,squat,explosivo",,0,70-80% 1RM,,https://raw.githubusercontent.com/yuhonas/free-exercise-db/main/exercises/Hang_Snatch/0.jpg,present_live_2026_07_22,existing_unverified
92,Split Jerk (pesado),Avanzado,Weightlifting,Press,Barra,EMOM,80-90% 1RM,30,150,Push jerk,"Split footwork, lockout overhead","Dip y empuje explosivo metiéndote bajo la barra en tijera, y recupera los pies.",,,,0,1,1,"{""Strength"",""For Time"",""EMOM"",""AMRAP""}",sprint,"push,vertical,explosivo","push,vertical",0,80-90% 1RM,,https://raw.githubusercontent.com/yuhonas/free-exercise-db/main/exercises/Split_Jerk/0.jpg,present_live_2026_07_22,existing_unverified
93,"Remo (ritmo rápido, 1000m)",Avanzado,Monostructural,Cardio,Rower,For Time,RPE 8-9,240,120,Distancia reducida,"Split <1:50/500m, max effort","Secuencia piernas-cadera-brazos al empujar y brazos-cadera-piernas al recoger, a ritmo fuerte.",,,,0,0,1,"{""For Time"",""AMRAP"",""EMOM""}",medio,"mono,pull",,0,,,,present_live_2026_07_22,missing
94,Assault Bike (50/35 cal),Avanzado,Monostructural,Cardio,Assault Bike,For Time,RPE 9,180,120,Calorías reducidas,All-out intensity,Pedalea y empuja/tira con los brazos de forma coordinada a ritmo alto hasta las calorías objetivo.,,,,0,0,1,"{""For Time"",""AMRAP"",""EMOM""}",medio,"mono,legs",,0,,,,present_live_2026_07_22,missing
95,Carrera (1 milla),Avanzado,Monostructural,Cardio,Ninguno,For Time,RPE 8,420,180,800m,Sub-7 min mile pace,"Corre a ritmo sostenible, con zancada relajada y respiración constante.",,,,0,0,1,"{""For Time"",""AMRAP"",""EMOM""}",medio,"mono,legs",,0,,,,present_live_2026_07_22,missing
96,Triple salto a la comba,Avanzado,Monostructural,Cardio,Jump Rope,AMRAP,RPE 8,60,60,Double-unders,Cuerda pasa 3 veces por salto,Salta alto y pasa la comba tres veces por salto con giro rápido de muñeca.,,,,0,0,1,"{""For Time"",""AMRAP"",""EMOM""}",medio,"mono,legs",,0,,,https://sbqcnlwpvjavmljzkmfy.supabase.co/storage/v1/object/public/exercise-gifs/crossfit/2612.gif,present_live_2026_07_22,existing_unverified
97,Ski Erg (1000m),Avanzado,Monostructural,Cardio,Ski Erg,For Time,RPE 8-9,240,120,Distancia reducida,"Max pull, explosive","De pie, tira de las asas hacia abajo usando core y cadera, no sólo los brazos.",,,,0,0,1,"{""For Time"",""AMRAP"",""EMOM""}",medio,"mono,pull",,0,,,https://sbqcnlwpvjavmljzkmfy.supabase.co/storage/v1/object/public/exercise-gifs/crossfit/2142.gif,present_live_2026_07_22,existing_unverified
98,Pies a barra (estrictos),Avanzado,Gymnastic,Core,Pull-up Bar,EMOM,RPE 9,30,120,Toes-to-bar kipping,"Sin swing, core strength puro","Colgado sin kipping, lleva las puntas de los pies a la barra elevando la pelvis con el core.",,,,0,0,1,"{""EMOM"",""For Time"",""AMRAP""}",medio,"core,grip","grip,core",0,,,https://raw.githubusercontent.com/yuhonas/free-exercise-db/main/exercises/Hanging_Pike/0.jpg,present_live_2026_07_22,existing_unverified
100,Fondos en anillas (con peso),Avanzado,Accesorios,Push,Rings + Weight,EMOM,RPE 9,30,120,BW ring dips,Estabilidad extrema,"Con anillas en apoyo y lastre, baja controlando hasta pasar el hombro del codo y empuja a bloqueo sin balanceo.",,,,0,0,1,"{""EMOM"",""For Time"",""AMRAP""}",medio,push,,0,,,https://sbqcnlwpvjavmljzkmfy.supabase.co/storage/v1/object/public/exercise-gifs/crossfit/0677.gif,present_live_2026_07_22,existing_unverified
101,HSPU sin pared,Elite,Gymnastic,Press,Ninguno,EMOM,RPE 10,30,150,Wall HSPU,"Sin soporte de pared, balance total","Libre en pino, baja la cabeza al suelo y empuja manteniendo el equilibrio sin apoyo.",,,,0,0,1,"{""For Time"",""AMRAP"",""EMOM""}",sprint,"push,vertical","push,vertical",0,,,https://sbqcnlwpvjavmljzkmfy.supabase.co/storage/v1/object/public/exercise-gifs/crossfit/3302.gif,present_live_2026_07_22,existing_unverified
102,Escalada de cuerda sin piernas,Elite,Gymnastic,Pull,Rope,For Time,RPE 9,30,120,Regular rope climbs,"Solo brazos, fuerza grip extrema","Trepa la cuerda usando sólo los brazos, en posición de L-sit, sin ayuda de las piernas.",,,,0,0,1,"{""For Time"",""AMRAP"",""EMOM""}",sprint,"pull,grip",grip,0,,,https://sbqcnlwpvjavmljzkmfy.supabase.co/storage/v1/object/public/exercise-gifs/crossfit/0680.gif,present_live_2026_07_22,existing_unverified
103,HSPU en anillas,Elite,Gymnastic,Press,Rings,EMOM,RPE 10,30,180,Strict HSPU,"Anillas inestables, control total","En pino con las manos en anillas bajas, controla la inestabilidad y empuja a bloqueo.",,,,0,0,1,"{""For Time"",""AMRAP"",""EMOM""}",sprint,"push,vertical","push,vertical",0,,,https://sbqcnlwpvjavmljzkmfy.supabase.co/storage/v1/object/public/exercise-gifs/crossfit/3302.gif,present_live_2026_07_22,existing_unverified
104,Escalada de clavijas (Pegboard),Elite,Gymnastic,Pull,Pegboard,For Time,RPE 9,30,120,Rope climb,Movimiento vertical con clavijas,"Con las clavijas en mano, sube el tablero colocándolas en huecos alternos usando core y tirón.",,,,0,0,1,"{""For Time"",""AMRAP"",""EMOM""}",sprint,"pull,grip",grip,0,,,,present_live_2026_07_22,missing
105,Muscle-Ups en barra (estrictos),Elite,Gymnastic,Pull/Push,Pull-up Bar,EMOM,RPE 10,30,150,Kipping muscle-ups,"Sin momentum, fuerza pura","Muscle-up de barra sin balanceo, con dominada y fondo estrictos.",,,,0,0,1,"{""For Time"",""AMRAP"",""EMOM""}",sprint,"pull,push,grip",grip,0,,,https://sbqcnlwpvjavmljzkmfy.supabase.co/storage/v1/object/public/exercise-gifs/crossfit/0631.gif,present_live_2026_07_22,existing_unverified
106,Caminar en pino (50 pies sin pausa),Elite,Gymnastic,Balance,Ninguno,For Time,RPE 9,60,120,Distancia reducida,Velocidad + control,Desplázate en pino de forma continua repartiendo el peso y corrigiendo con pasos cortos.,,,,0,0,1,"{""For Time"",""AMRAP"",""EMOM""}",sprint,"push,shoulders,core",,0,,,https://sbqcnlwpvjavmljzkmfy.supabase.co/storage/v1/object/public/exercise-gifs/crossfit/3302.gif,present_live_2026_07_22,existing_unverified
107,Muscle-Up en barra a L-Sit,Elite,Gymnastic,Full Body,Pull-up Bar,EMOM,RPE 10,30,180,Bar muscle-up,Combinación élite,Muscle-up de barra terminando en apoyo con las piernas en L al frente.,,,,0,0,1,"{""For Time"",""AMRAP"",""EMOM""}",sprint,"pull,push,core",grip,0,,,https://sbqcnlwpvjavmljzkmfy.supabase.co/storage/v1/object/public/exercise-gifs/crossfit/0631.gif,present_live_2026_07_22,existing_unverified
108,"Snatch (competición, 84/61 kg)",Elite,Weightlifting,Olympic,Barra,For Time,85-95% 1RM,30,180,Peso reducido,"Peso competitivo, técnica perfecta",Arranque completo a sentadilla con carga máxima; velocidad bajo la barra.,,,,0,1,1,"{""Strength"",""For Time"",""EMOM"",""AMRAP""}",sprint,"hinge,pull,explosivo",,0,84/61 kg,,https://raw.githubusercontent.com/yuhonas/free-exercise-db/main/exercises/Snatch/0.jpg,present_live_2026_07_22,existing_unverified
109,"Clean & Jerk (competición, 111/84 kg)",Elite,Weightlifting,Olympic,Barra,For Time,85-95% 1RM,30,240,Peso reducido,Peso competitivo CrossFit Games,Cargada y jerk con carga cercana al máximo; técnica y agresividad.,,,,0,1,1,"{""Strength"",""For Time"",""EMOM"",""AMRAP""}",sprint,"hinge,push,explosivo",,0,111/84 kg,,https://raw.githubusercontent.com/yuhonas/free-exercise-db/main/exercises/Clean_and_Jerk/0.jpg,present_live_2026_07_22,existing_unverified
110,"Sentadilla sobre cabeza (pesado, 84/61 kg)",Elite,Weightlifting,Squat,Barra,For Time,80-90% 1RM,30,120,Peso moderado,"Alta carga, movilidad élite","Sentadilla profunda con la barra bloqueada arriba en agarre de arrancada, torso vertical.",,,,0,1,1,"{""Strength"",""For Time"",""EMOM"",""AMRAP""}",sprint,"squat,shoulders","squat,shoulders",0,84/61 kg,,https://sbqcnlwpvjavmljzkmfy.supabase.co/storage/v1/object/public/exercise-gifs/crossfit/0069.gif,present_live_2026_07_22,existing_unverified
111,"Thrusters (competición, 84/61 kg)",Elite,Weightlifting,Full Body,Barra,For Time,85-95% 1RM,30,90,Peso moderado,Peso de competición/élite,"Front squat a envión sobre la cabeza con carga alta, sin pausas.",,,,0,1,1,"{""Strength"",""For Time"",""EMOM"",""AMRAP""}",sprint,"squat,push","squat,push",0,84/61 kg,,https://sbqcnlwpvjavmljzkmfy.supabase.co/storage/v1/object/public/exercise-gifs/crossfit/0550.gif,present_live_2026_07_22,existing_unverified
112,"Peso muerto (esfuerzo máximo, 180+/136+ kg)",Elite,Weightlifting,Pull,Barra,Strength,95-100% 1RM,30,300,Peso reducido,"Max lift, competitivo",Levantamiento a esfuerzo casi máximo con espalda neutra y bloqueo de cadera arriba.,,,,0,1,1,"{""Strength"",""For Time"",""EMOM"",""AMRAP""}",sprint,"hinge,pull","hinge,pull",0,180+/136+ kg,,https://sbqcnlwpvjavmljzkmfy.supabase.co/storage/v1/object/public/exercise-gifs/crossfit/0032.gif,present_live_2026_07_22,existing_unverified
113,Balance de Snatch (pesado),Elite,Weightlifting,Olympic,Barra,EMOM,80-90% Snatch,30,150,Peso moderado,"Speed under bar, confidence","Con la barra en la espalda, empújate bajo ella recibiéndola en sentadilla con brazos extendidos.",,,,0,1,1,"{""Strength"",""For Time"",""EMOM"",""AMRAP""}",sprint,"squat,shoulders,explosivo",,0,80-90% Snatch,,https://raw.githubusercontent.com/yuhonas/free-exercise-db/main/exercises/Snatch_Balance/0.jpg,present_live_2026_07_22,existing_unverified
114,Complejo: Clean en sentadilla + Sentadilla frontal + Jerk,Elite,Weightlifting,Olympic,Barra,EMOM,75-85% 1RM,60,180,Simplificar complejo,Secuencia sin soltar barra,"Squat clean, sentadilla frontal y jerk encadenados sin soltar la barra.",,,,0,1,1,"{""Strength"",""For Time"",""EMOM"",""AMRAP""}",sprint,"hinge,squat,push",,0,75-85% 1RM,,https://raw.githubusercontent.com/yuhonas/free-exercise-db/main/exercises/Clean_and_Jerk/0.jpg,present_live_2026_07_22,existing_unverified
115,"Power Snatch (toque y sigue, 61/43 kg)",Elite,Weightlifting,Olympic,Barra,AMRAP,70-80% 1RM,30,90,Singles,"Sin soltar barra, cycling rápido","Arranque de potencia recibiendo por encima de media sentadilla, toque y sigue sin soltar.",,,,0,1,1,"{""Strength"",""For Time"",""EMOM"",""AMRAP""}",sprint,"hinge,pull,explosivo",,0,61/43 kg,,https://raw.githubusercontent.com/yuhonas/free-exercise-db/main/exercises/Power_Snatch/0.jpg,present_live_2026_07_22,existing_unverified
116,"Remo (ritmo élite, 2000m)",Elite,Monostructural,Cardio,Rower,For Time,RPE 10,480,240,Distancia reducida,"Sub-7:00 para hombres, sub-8:00 mujeres",Ritmo élite con secuencia eficiente piernas-cadera-brazos y recuperación controlada.,,,,0,0,1,"{""For Time"",""AMRAP"",""EMOM""}",medio,"mono,pull",,0,,,,present_live_2026_07_22,missing
117,Carrera (5K),Elite,Monostructural,Cardio,Ninguno,For Time,RPE 9,1500,300,1 mile,Sub-20 min 5K: nivel avanzado amateur,"Ritmo continuo aeróbico, controlando la respiración y la cadencia.",,,,0,0,1,"{""For Time"",""AMRAP"",""EMOM""}",largo,"mono,legs",,0,,,,present_live_2026_07_22,missing
118,Assault Bike (100 cal),Elite,Monostructural,Cardio,Assault Bike,For Time,RPE 10,420,180,Calorías reducidas,"Max output, Games standard",Ritmo máximo sostenible coordinando brazos y piernas hasta completar las calorías.,,,,0,0,1,"{""For Time"",""AMRAP"",""EMOM""}",medio,"mono,legs",,0,,,,present_live_2026_07_22,missing
120,Volteo de Worm en equipo,Elite,Accesorios,Strength,Worm,For Distance,RPE 10,60,120,Volteo de neumático ligero o sandbag en equipo,"Implemento pesado, explosivo","En equipo, agarre bajo el implemento, extiende cadera y rodillas a la vez para voltearlo hacia delante.",,,,0,0,1,"{""EMOM"",""For Time"",""AMRAP""}",sprint,"hinge,explosivo",,0,,,https://sbqcnlwpvjavmljzkmfy.supabase.co/storage/v1/object/public/exercise-gifs/crossfit/2459.gif,present_live_2026_07_22,existing_unverified
121,Wall Walk (subida a la pared),Intermedio,Gymnastic,Press,Pared,For Time,RPE 8,,60,Subir sólo hasta la mitad,,"Desde plancha con los pies en la pared, camina con las manos hacia la pared subiendo hasta pino y baja controlando.",,,,0,0,1,"{""For Time"",""AMRAP"",""EMOM""}",medio,"push,shoulders,core",,0,,,https://sbqcnlwpvjavmljzkmfy.supabase.co/storage/v1/object/public/exercise-gifs/crossfit/3302.gif,present_live_2026_07_22,existing_unverified
122,Empuje de trineo (Sled Push),Intermedio,Accesorios,Cardio,Trineo,For Distance,RPE 8,,60,Reducir el peso,,"Empuja el trineo con los brazos extendidos y pasos potentes, manteniendo el torso inclinado y firme.",,,,0,0,1,"{""For Time"",""AMRAP"",""EMOM""}",sprint,"legs,push",,0,,,,present_live_2026_07_22,missing
